Sample_ID,Mouse_ID,Timepoint,Genotype,Grouped.genotype,OTU1,OTU2,OTU3,OTU4,OTU5,OTU6,OTU7,OTU8,OTU9,OTU10,OTU11,OTU12,OTU13,OTU14,OTU15,OTU16,OTU17,OTU18,OTU19,OTU20,OTU21,OTU22,OTU23,OTU24,OTU25,OTU26,OTU27,OTU28,OTU29,OTU30,OTU31,OTU32,OTU33,OTU34,OTU35,OTU36,OTU37,OTU38,OTU39,OTU40,OTU41,OTU42,OTU43,OTU44,OTU45,OTU46,OTU47,OTU48,OTU49,OTU50,OTU51,OTU52,OTU53,OTU54
ACKGx348W0,ACKGx348,W0,ACK,ACK/G,1719,964,1819,292,0,0,366,0,3844,68,876,131,558,43,16,13,21,1421,3104,10469,4,44,2,15,849,2737,1134,35,243,5,368,939,900,0,0,3,32,5,9,110,193,120,22,1302,42,11,22,14,534,554,133,18,33,459
ACKGx354W0,ACKGx354,W0,ACKG,ACK/G,11,645,680,146,0,8,25,0,1557,11,3005,53,1339,25,7,101,0,1154,1434,0,0,7,0,29,19,2271,202,25,82,0,560,593,6,0,0,13,0,0,5,275,87,0,26,709,27,8,17,0,0,934,327,0,6,83
ACKGx361W0,ACKGx361,W0,ACKG,ACK/G,428,337,1048,37,44,11,86,0,803,16,2108,164,1086,45,2,9,2,723,1403,31,3,12,5,10,231,1360,87,15,83,0,297,492,403,3,0,14,21,0,0,119,434,37,79,489,0,0,23,9,2,873,258,29,20,119
ACKGx382W0,ACKGx382,W0,ACKG,ACK/G,28501,5793,32319,871,0,136,505,0,23143,455,2136,562,18128,159,63,932,103,7882,13261,1932,24,47,20,107,16973,30506,6711,1857,682,0,3556,6226,48037,28,24,232,140,16,15,4097,4561,2236,230,4391,315,74,628,60,27,7865,4362,50,124,178
ACKGx396W0,ACKGx396,W0,ACKG,ACK/G,749,176,563,240,0,0,82,0,567,11,974,70,305,9,10,4,5,579,1327,1723,0,3,0,11,225,495,115,120,87,0,162,159,990,2,0,0,10,0,0,100,73,59,38,353,59,7,2,0,87,259,47,0,6,153
ACKGx397W0,ACKGx397,W0,ACK,ACK/G,2114,729,6208,190,0,0,158,0,3896,115,2235,227,1279,42,19,111,24,2337,3568,90,5,10,7,37,528,3008,278,152,289,0,962,706,1682,3,0,19,6,0,9,123,422,153,113,1141,84,18,10,7,0,993,198,6,16,327
ACKGx415W0,ACKGx415,W0,ACK,ACK/G,901,1977,3521,334,0,23,173,0,4136,42,466,127,573,18,20,78,2,1215,2720,303,0,17,0,27,807,905,1219,39,109,0,685,776,1056,3,0,0,0,6,0,313,281,65,30,1200,62,10,54,0,370,831,493,39,47,114
ACKGx420W0,ACKGx420,W0,ACK,ACK/G,1569,740,5061,296,0,12,199,2,1441,56,451,176,302,41,19,7,9,1305,2838,2185,0,15,0,25,694,2287,318,36,123,0,320,490,1286,4,0,0,0,5,35,215,290,128,53,811,30,0,14,0,937,561,162,19,5,288
HACKGx182W0,HACKGx182,W0,HACK,HACK/G,679,2186,1549,109,4,0,30,0,2763,48,250,15,1199,11,0,2,3,469,802,3997,0,28,0,0,3165,2918,894,59,24,0,305,192,1022,0,0,0,0,0,0,316,251,44,0,220,6,0,182,0,62,1367,224,0,33,14
HACKGx185W0,HACKGx185,W0,HACK,HACK/G,471,1329,1965,164,0,12,34,0,2550,31,400,67,2020,15,5,53,12,962,1411,204,3,0,3,0,1889,2406,759,100,26,0,402,353,584,0,0,8,0,10,0,429,404,50,30,477,45,0,110,0,0,1139,106,0,133,25
HACKGx251W0,HACKGx251,W0,HACK,HACK/G,2437,1207,1363,219,0,0,102,0,1959,10,123,140,472,48,8,17,6,1128,2157,3585,0,12,5,17,850,960,687,68,99,0,238,66,508,2,0,0,0,105,0,210,209,165,6,465,54,0,13,0,139,501,51,0,8,326
HACKGx271W0,HACKGx271,W0,HACK,HACK/G,1867,550,1243,41,0,0,32,0,1453,7,261,35,606,10,7,12,2,391,734,867,0,9,0,0,483,1129,107,74,37,0,309,83,2294,0,5,0,0,0,0,263,266,116,8,185,9,0,15,0,5,566,41,0,0,23
HACKGx282W0,HACKGx282,W0,HACKG,HACK/G,11859,6079,6516,516,0,25,154,24,13354,294,3102,332,1981,143,17,20,53,1488,4715,80471,23,62,9,63,1452,2234,881,260,194,0,1129,439,5377,0,0,88,0,527,158,1388,2558,840,25,1095,106,15,92,0,11620,6570,893,16,37,41
HACKGx306W0,HACKGx306,W0,HACK,HACK/G,517,376,1555,204,12,4,84,0,1477,19,288,69,371,29,3,6,7,572,1136,23023,0,10,0,8,520,1424,190,45,44,0,255,129,318,2,0,11,0,60,7,235,4429,0,48,294,45,0,21,10,2149,427,98,0,0,156
HACKGx307W0,HACKGx307,W0,HACKG,HACK/G,696,497,1263,136,0,4,66,0,510,14,278,53,586,68,10,33,7,475,1142,154,0,2,0,10,482,341,292,54,63,0,47,32,651,0,0,0,0,0,19,98,784,54,26,262,9,0,12,0,131,675,104,0,7,228
HACKGx321W0,HACKGx321,W0,HACK,HACK/G,3507,779,2631,174,0,14,94,0,3152,117,823,61,507,13,12,0,25,744,1199,4680,0,13,0,13,2730,3345,234,45,65,0,289,117,3660,0,0,13,0,229,0,184,705,250,28,588,22,0,38,4,2255,432,242,0,4,10
HACKGx328W0,HACKGx328,W0,WT,WT,3972,344,5452,638,5,9,142,0,2709,61,661,86,313,98,9,11,22,1411,2793,5415,0,22,6,20,122,2680,766,151,201,0,895,85,485,4,0,0,0,50,5,151,2417,341,45,455,51,0,12,0,1177,578,74,0,17,480
HACKGx331W0,HACKGx331,W0,HACKG,HACK/G,3529,1681,5011,377,10,11,105,207,6620,174,852,168,1041,80,18,3,36,2280,3017,35806,3,38,0,44,1242,5167,2206,106,345,8,1472,1055,975,4,0,4,0,202,0,203,1488,314,40,818,97,12,54,0,917,712,189,1214,44,285
HACKGx342W0,HACKGx342,W0,HACKG,HACK/G,2342,1621,4569,312,0,10,97,0,3688,63,401,169,693,34,13,0,14,1609,2539,2373,0,8,2,13,2559,4820,1265,163,109,0,335,445,3477,5,0,0,0,85,0,379,265,158,34,762,63,0,60,0,925,401,200,0,48,493
HACKGx344W0,HACKGx344,W0,WT,WT,1070,143,2566,239,0,7,73,0,1108,30,117,160,453,29,13,0,17,762,1542,526,0,0,5,24,628,1060,1240,62,140,0,488,166,252,4,0,0,0,111,0,68,78,118,46,611,29,0,26,0,94,49,16,0,10,28
HACKGx353W0,HACKGx353,W0,HACKG,HACK/G,3665,529,745,34,0,0,39,9,2044,21,252,7,227,6,3,16,6,239,395,8224,0,17,2,0,321,574,164,5,21,0,81,196,609,0,0,6,0,145,20,102,3084,292,0,132,6,0,7,0,2458,748,113,0,6,7
HACKGx356W0,HACKGx356,W0,HACKG,HACK/G,8032,1123,2567,278,0,8,45,0,4141,49,515,62,1020,24,6,46,16,839,1482,900,0,17,0,12,744,5673,575,6,55,0,225,910,762,0,0,36,0,0,17,469,290,612,20,319,22,8,54,12,412,1522,636,0,41,37
HACKGx358W0,HACKGx358,W0,HACKG,HACK/G,2968,490,1003,201,3,0,62,0,1965,60,276,32,555,21,6,11,12,777,941,2126,0,8,5,11,452,1172,960,5,81,0,73,113,430,0,0,0,0,0,4,226,232,231,31,338,23,0,61,0,430,443,195,0,16,12
HACKGx364W0,HACKGx364,W0,WT,WT,3406,607,1135,42,0,0,24,0,1816,31,313,28,713,0,3,17,10,432,631,1005,0,5,0,5,201,1847,164,106,29,0,213,115,1172,2,0,4,0,0,9,162,158,287,7,224,15,0,32,17,86,806,71,0,10,7
HACKGx367W0,HACKGx367,W0,HACK,HACK/G,3081,183,2217,140,3,0,88,4,1570,78,558,93,838,12,8,13,38,909,1954,4623,7,5,2,20,449,747,1116,138,52,0,435,95,894,0,0,20,0,25,0,224,286,191,0,679,73,9,78,0,283,283,84,0,6,14
HACKGx389W0,HACKGx389,W0,WT,WT,5506,3134,10795,822,0,17,816,3,9848,169,4476,457,1641,301,30,52,145,3509,9245,19805,9,54,8,90,424,7753,3430,398,428,10,754,652,558,12,23,363,0,29,68,821,886,366,105,3627,560,38,192,9,1445,3952,680,33,74,949
HACKGx395W0,HACKGx395,W0,WT,WT,522,439,5033,289,0,5,114,12,1463,31,626,158,73,61,12,9,18,870,1757,943,0,5,0,27,98,1045,160,14,25,0,264,327,5,5,0,0,0,223,0,277,314,43,114,764,15,0,17,0,68,253,36,0,34,236
HACKGx396W0,HACKGx396,W0,WT,WT,1341,334,3959,323,0,10,99,7,1349,34,599,94,425,103,14,48,17,1120,1834,835,30,6,3,29,164,1143,231,96,103,0,265,182,35,4,0,14,0,102,2,267,287,99,59,581,111,6,29,0,134,577,57,3,8,352
HACKGx417W0,HACKGx417,W0,HACKG,HACK/G,29542,5339,10508,1265,0,12,342,30,17001,101,3231,344,1765,140,19,71,35,2956,4326,19126,4,41,7,33,1386,7549,1685,589,247,7,810,536,12383,0,17,7,0,10,25,986,363,2516,55,2009,113,15,153,32,162,5059,483,91,74,136
HACKGx419W0,HACKGx419,W0,WT,WT,1349,393,1286,260,0,0,148,0,858,16,246,128,139,32,7,6,11,1151,1579,893,0,14,0,19,162,1087,434,39,100,0,172,196,151,0,0,0,0,20,2,49,126,94,10,435,34,6,6,0,100,140,31,0,4,314
ACKGx292W1,ACKGx292,W1,ACKG,ACK/G,239,577,103,4,168,10,42,161,701,8,26,7,545,6,2,0,39,14,126,2332,6,0,3,9,467,305,68,0,10,0,6,478,154,0,0,0,0,28,0,0,950,0,0,19,10,0,8,21,6,95,0,2904,27,79
ACKGx339W1,ACKGx339,W1,ACK,ACK/G,10424,4700,3384,108,103,245,623,2825,5859,251,696,235,4198,82,47,4,706,1723,3317,42496,49,26,69,176,12267,3228,319,31,109,46,407,9192,3087,31,26,0,120,462,18,182,57725,587,0,3252,95,8,136,236,342,809,0,48699,846,308
ACKGx348W1,ACKGx348,W1,ACK,ACK/G,5445,1945,1254,17,44,119,346,3423,5696,394,91,56,32056,33,35,20,185,230,2298,117979,10,11,12,61,12065,2867,948,20,118,0,489,5051,4513,32,30,0,17,1411,0,67,79732,390,9,1648,39,0,347,675,950,1087,68,24480,276,158
ACKGx354W1,ACKGx354,W1,ACKG,ACK/G,807,3319,176,0,245,40,74,1633,4211,334,76,0,1644,10,0,0,41,13,266,82305,23,6,8,4,495,1103,308,0,7,6,24,2125,625,0,3,0,0,923,4,48,17103,52,0,364,0,0,46,13,1618,630,59,21882,78,117
ACKGx361W1,ACKGx361,W1,ACKG,ACK/G,15892,15504,4873,66,977,109,1019,743,14578,491,712,293,15433,641,20,3,92,1437,5204,59852,25,64,9,17,1145,4943,886,11,103,0,1395,13315,1405,3,51,55,80,614,12,234,53606,1044,0,4302,18,6,354,91,3757,2410,39,46530,843,2372
ACKGx382W1,ACKGx382,W1,ACKG,ACK/G,3966,1632,403,93,682,236,73,1064,8422,118,307,60,1475,85,0,0,91,86,900,33851,13,21,12,5,1165,1361,379,19,59,21,7,9022,1125,5,17,0,32,507,0,245,18672,228,0,856,11,0,101,49,929,2700,118,29615,786,413
ACKGx396W1,ACKGx396,W1,ACKG,ACK/G,13,105,20,0,3,0,10,217,566,9,6,0,115,0,3,0,6,0,32,9600,0,0,0,0,26,33,106,0,0,0,15,243,0,0,0,0,0,142,0,16,800,0,0,35,0,0,5,0,758,126,4,911,29,25
ACKGx415W1,ACKGx415,W1,ACK,ACK/G,514,1096,337,4,0,26,56,115,1056,21,44,16,273,34,2,4,10,198,505,8269,4,3,7,19,83,1177,40,6,18,0,75,1340,223,11,0,0,0,18,0,71,5465,0,0,704,0,0,11,4,253,419,27,6455,56,25
ACKGx416W1,ACKGx416,W1,ACKG,ACK/G,313,967,63,0,11,7,21,217,643,17,2,0,104,5,0,0,16,19,48,9404,0,0,0,0,9,251,8,0,5,0,23,331,33,3,0,0,0,72,0,8,3081,0,0,73,0,0,0,0,745,259,2,2232,19,25
ACKGx419W1,ACKGx419,W1,ACKG,ACK/G,257,393,127,0,5,14,23,202,494,15,4,10,109,14,0,0,20,59,108,12224,0,2,0,0,2,258,40,0,9,0,50,277,6,6,0,0,0,88,0,20,3507,0,0,217,0,0,0,0,755,75,0,1773,11,12
ACKGx420W1,ACKGx420,W1,ACK,ACK/G,764,582,304,39,0,11,76,155,887,16,38,20,160,17,6,2,0,107,628,12168,0,0,0,12,85,480,64,0,33,0,192,194,186,8,0,6,0,45,0,21,2708,56,0,341,0,0,4,0,346,158,25,2841,10,67
ACKGx426W1,ACKGx426,W1,ACK,ACK/G,773,357,118,0,69,5,36,324,1435,19,10,8,122,8,0,0,9,35,150,10585,0,0,0,7,145,84,69,0,0,0,6,163,146,3,0,0,0,94,0,0,4206,38,0,198,0,0,5,0,275,87,0,2140,13,14
ACKGx433W1,ACKGx433,W1,ACK,ACK/G,477,1509,171,15,326,44,114,561,676,129,25,9,98,0,0,0,9,11,208,11977,4,0,7,0,180,190,139,0,7,3,17,950,35,0,0,0,4,87,9,4,5384,0,0,58,0,0,9,100,291,75,2,2214,6,68
ACKGx440W1,ACKGx440,W1,ACKG,ACK/G,562,1167,433,12,197,26,168,281,1164,25,28,27,413,36,6,2,42,202,482,2937,0,3,8,20,208,295,359,0,47,0,20,856,111,5,0,0,5,20,0,5,2795,0,14,410,7,0,4,26,90,116,11,2630,16,243
HACKGx182W1,HACKGx182,W1,HACK,HACK/G,141,1316,1092,5,44,21,154,235,1286,40,106,59,863,14,3,3,36,954,545,4137,0,5,5,19,850,1157,28,0,26,0,17,1298,42,0,0,0,0,47,0,10,2223,0,0,289,0,0,15,0,44,587,87,0,174,195
HACKGx185W1,HACKGx185,W1,HACK,HACK/G,191,1059,501,3,37,5,102,62,213,50,30,18,652,29,0,0,8,1238,301,5847,5,0,0,8,1906,867,79,6,4,10,63,1068,109,2,0,0,0,50,4,29,1018,0,0,232,0,0,14,6,31,197,39,0,4,81
HACKGx251W1,HACKGx251,W1,HACK,HACK/G,1640,6582,670,14,1458,53,36,2014,3004,51,33,84,1329,14,0,2,80,351,461,33516,15,14,17,11,2839,1462,633,7,17,10,47,4624,315,0,0,0,0,3368,10,31,4038,125,0,131,19,0,40,241,757,1005,12,7,69,29
HACKGx271W1,HACKGx271,W1,HACK,HACK/G,550,1437,934,40,7,36,10,66,1816,15,88,15,1301,9,4,0,18,109,458,4159,4,11,0,10,479,1165,281,4,14,0,30,765,454,0,0,0,0,0,0,25,2413,0,0,198,7,0,28,26,91,260,0,3,129,48
HACKGx282W1,HACKGx282,W1,HACKG,HACK/G,913,1483,610,15,8,55,107,494,1035,21,64,23,298,39,0,0,20,103,491,10330,3,5,3,0,208,861,236,0,27,0,97,635,108,7,0,3,0,292,6,9,4996,72,0,138,15,0,6,0,306,526,16,0,47,71
HACKGx306W1,HACKGx306,W1,HACK,HACK/G,230,1139,158,2,27,13,22,306,708,18,14,0,424,12,0,0,0,54,311,12077,0,0,0,6,309,176,42,5,4,0,14,480,137,0,0,0,0,236,0,43,3480,0,0,83,0,0,4,13,423,122,28,3,25,3
HACKGx307W1,HACKGx307,W1,HACKG,HACK/G,79,924,298,0,0,9,53,71,330,16,12,10,125,14,0,0,0,70,400,7006,0,0,0,6,88,780,71,0,13,0,0,427,19,4,0,0,0,106,0,2,1308,0,0,42,0,0,0,0,380,141,3,0,34,18
HACKGx321W1,HACKGx321,W1,HACK,HACK/G,65,345,234,9,180,4,21,530,1782,29,78,18,208,0,2,3,14,59,220,5236,0,0,0,0,300,170,87,0,3,0,7,580,37,0,0,0,0,103,4,41,7282,0,0,62,10,0,16,33,381,195,64,2,86,14
HACKGx328W1,HACKGx328,W1,WT,WT,158,358,206,3,22,0,9,474,1830,18,19,8,98,0,0,25,3,183,130,9902,0,13,0,0,269,277,70,0,2,0,29,263,6,0,0,0,0,282,0,35,3407,0,12,77,0,0,9,43,289,44,28,0,6,0
HACKGx331W1,HACKGx331,W1,HACKG,HACK/G,626,4063,2607,34,734,158,710,6956,18423,197,176,28,644,55,4,9,225,369,1084,79955,9,127,10,10,2057,886,358,3,109,5,23,3271,22,48,0,0,0,3843,2,70,27369,46,0,808,7,0,44,152,2552,351,9,12,335,969
HACKGx342W1,HACKGx342,W1,HACKG,HACK/G,79,186,246,10,674,39,88,358,529,10,44,24,215,44,0,0,7,34,418,1533,0,0,0,4,198,342,16,0,3,0,14,2281,21,0,0,0,0,17,0,14,2261,0,0,57,0,0,11,53,86,408,35,9,79,85
HACKGx344W1,HACKGx344,W1,WT,WT,205,535,587,10,534,30,16,197,1049,13,9,22,857,12,0,33,18,54,190,1006,0,5,0,0,729,721,80,0,0,0,130,2453,42,0,0,0,0,32,3,24,12095,0,0,137,0,0,39,73,117,268,149,0,9,0
HACKGx353W1,HACKGx353,W1,HACKG,HACK/G,29,308,177,0,5,0,90,421,736,6,24,0,137,10,0,4,0,36,269,7385,0,2,0,0,201,156,14,0,7,0,0,382,0,0,0,0,0,442,3,9,2775,0,0,100,0,0,3,0,855,182,4,0,137,35
HACKGx356W1,HACKGx356,W1,HACKG,HACK/G,9,31,6,0,14,0,11,75,117,41,0,0,198,0,0,0,0,0,0,6968,0,0,0,0,99,22,11,0,0,0,0,231,0,0,0,0,0,0,0,0,2056,0,0,9,0,0,5,0,467,10,6,0,2,4
HACKGx358W1,HACKGx358,W1,HACKG,HACK/G,45,13,11,0,0,0,31,39,104,42,0,0,39,0,0,0,0,0,8,11734,0,0,0,0,70,25,6,0,0,0,3,150,0,0,0,0,0,0,0,3,3580,0,0,0,0,0,6,4,540,0,0,5,0,6
HACKGx364W1,HACKGx364,W1,WT,WT,4853,2696,4620,143,0,283,585,31,11767,82,326,339,8857,33,44,391,110,876,3791,59603,3,32,22,28,2563,998,316,78,230,6,320,8746,1111,0,23,5,0,44,83,427,25671,284,18,1294,162,0,348,67,4528,1176,323,27,125,117
HACKGx367W1,HACKGx367,W1,HACK,HACK/G,1688,610,106,5,1052,0,104,297,511,27,5,10,286,6,0,0,24,17,221,3765,0,0,3,0,165,348,16,0,9,0,0,738,290,0,17,0,0,64,0,0,3841,122,0,20,11,0,7,0,260,175,0,3,77,21
HACKGx389W1,HACKGx389,W1,WT,WT,257,248,197,7,8,0,20,81,1303,14,8,10,300,0,0,7,4,40,191,8129,0,7,2,2,564,405,44,0,0,0,0,428,37,0,0,0,0,45,0,51,3310,0,8,90,0,0,6,25,173,71,87,0,4,0
HACKGx395W1,HACKGx395,W1,WT,WT,32,101,80,0,9,0,0,101,705,4,7,11,115,0,0,7,0,104,65,4487,0,0,0,0,27,216,47,0,0,0,0,387,0,0,0,0,0,360,0,12,3015,0,0,25,0,0,6,12,340,20,10,0,6,0
HACKGx396W1,HACKGx396,W1,WT,WT,137,246,2421,42,120,27,159,101,1537,9,235,91,455,30,5,42,18,682,1607,7146,0,9,0,13,235,609,50,30,72,0,212,435,0,3,89,0,0,402,20,112,2200,0,0,355,0,0,14,6,454,139,133,0,17,66
HACKGx417W1,HACKGx417,W1,HACKG,HACK/G,103,983,370,8,916,14,36,60,523,10,13,0,216,0,0,0,3,424,356,4376,6,4,6,5,159,624,195,0,19,0,39,488,6,0,65,0,0,210,2,44,1543,0,0,118,0,0,0,33,325,10,22,4,22,79
HACKGx419W1,HACKGx419,W1,WT,WT,136,115,790,30,0,9,58,63,1187,12,57,27,280,4,0,20,8,161,700,7458,0,0,0,8,147,890,31,0,53,0,61,388,0,0,0,0,0,306,0,43,3615,0,0,93,12,0,14,0,798,66,64,0,4,13
ACKGx292W3,ACKGx292,W3,ACKG,ACK/G,1057,467,2533,21,2,11,56,0,1891,31,679,75,292,35,9,16,11,493,1276,679,0,0,3,19,522,963,118,3,103,0,305,429,460,0,0,7,6,4,0,44,111,91,13,193,17,0,10,0,44,293,33,145,16,72
ACKGx339W3,ACKGx339,W3,ACK,ACK/G,4334,968,3248,57,0,10,95,11,3129,26,970,67,669,59,25,3,9,567,1415,1635,0,9,4,17,1021,1646,123,18,128,0,365,922,1501,0,0,11,33,17,5,38,163,386,24,408,28,10,19,0,151,525,107,377,16,80
ACKGx348W3,ACKGx348,W3,ACK,ACK/G,1239,435,1624,53,0,6,91,0,986,14,773,60,594,10,16,13,0,334,1382,2298,0,2,0,13,612,1060,27,17,105,0,277,566,735,0,0,8,14,14,0,86,217,108,0,214,34,0,19,0,152,331,142,8,10,90
ACKGx354W3,ACKGx354,W3,ACKG,ACK/G,1316,433,335,14,0,0,15,20,1097,12,343,27,585,0,2,0,0,90,401,2794,0,0,0,9,32,742,79,11,14,0,50,265,799,0,0,20,0,8,7,12,1168,101,22,57,0,0,8,0,670,222,33,3002,9,11
ACKGx361W3,ACKGx361,W3,ACKG,ACK/G,2335,358,438,5,0,4,21,10,1944,20,535,15,332,8,0,4,4,72,411,2007,0,7,0,9,63,1149,226,6,107,0,50,411,1078,2,0,28,20,10,13,33,1752,172,0,54,0,0,5,0,242,667,97,4042,46,65
ACKGx382W3,ACKGx382,W3,ACKG,ACK/G,4548,6310,1874,52,12,22,123,99,12462,121,2432,212,1752,14,35,46,35,726,3282,19996,0,67,5,84,1608,10636,253,55,181,0,1075,5721,9917,5,0,48,81,0,7,353,12256,362,15,834,45,12,39,15,1172,4289,209,50035,188,75
ACKGx396W3,ACKGx396,W3,ACKG,ACK/G,134,430,894,40,2,15,54,26,1764,38,1741,159,48,8,15,17,8,1048,888,4259,0,10,0,21,58,725,72,33,151,0,329,146,453,0,0,0,13,4,15,61,1116,0,38,195,12,0,6,0,529,380,75,0,64,103
ACKGx397W3,ACKGx397,W3,ACK,ACK/G,297,404,1125,38,0,0,94,11,2266,0,1041,127,116,13,12,23,8,908,998,1329,0,8,0,12,210,1186,139,8,93,6,265,641,207,0,0,0,16,0,22,18,1768,0,135,218,53,0,4,0,415,560,40,10,45,51
ACKGx415W3,ACKGx415,W3,ACK,ACK/G,112,895,1255,67,0,0,70,0,1430,17,470,50,282,30,6,2,8,937,899,1213,0,11,0,18,55,908,115,21,73,0,413,797,277,3,0,5,0,6,0,96,956,0,0,350,10,4,8,0,105,446,84,7,29,154
ACKGx416W3,ACKGx416,W3,ACKG,ACK/G,5611,2895,1825,67,0,9,100,349,7226,266,1007,193,755,10,0,11,29,915,1502,52824,8,58,0,34,286,4912,2151,38,125,0,355,2376,1803,0,0,31,0,1010,10,119,14170,379,31,472,10,0,19,0,5415,2377,243,11490,81,14
ACKGx419W3,ACKGx419,W3,ACKG,ACK/G,542,509,427,25,0,0,47,53,1062,26,218,13,116,9,9,0,4,70,435,2299,0,5,0,22,70,573,112,2,23,0,222,376,303,2,0,10,0,87,0,27,1115,0,18,132,9,0,0,0,189,300,26,3017,22,44
ACKGx420W3,ACKGx420,W3,ACK,ACK/G,199,884,418,19,0,0,30,71,913,39,143,0,134,10,3,0,3,173,375,4011,0,7,0,4,85,453,43,5,0,0,125,371,233,3,0,0,0,121,0,25,1601,0,20,82,0,0,0,0,323,315,49,2297,28,60
ACKGx426W3,ACKGx426,W3,ACK,ACK/G,88,1447,1262,33,3,10,83,8,2694,17,371,44,415,65,9,8,10,648,1173,396,4,5,0,14,229,888,61,24,113,0,400,349,1396,0,0,13,0,4,6,32,312,0,17,306,3,0,7,0,34,366,68,59,27,191
ACKGx433W3,ACKGx433,W3,ACK,ACK/G,25272,2478,12333,693,11,49,819,0,9677,126,7344,1117,1547,226,78,17,86,10273,11345,8061,10,82,14,91,586,5011,1169,163,516,0,4559,2828,15717,0,0,56,95,14,60,464,2953,1642,154,2240,146,83,26,14,1098,4453,1478,35,23,954
ACKGx435W3,ACKGx435,W3,ACK,ACK/G,6468,2892,10387,224,9,32,873,0,13623,286,2128,1250,3193,81,12,52,156,5491,9722,16155,7,95,0,57,538,4571,600,144,606,0,2562,4833,9388,5,0,91,155,108,80,508,6167,482,6,1796,36,0,34,25,3534,6749,1233,102,53,457
ACKGx440W3,ACKGx440,W3,ACKG,ACK/G,527,1092,394,5,2,7,30,6,2489,28,1634,66,805,9,0,0,38,569,502,2035,0,0,0,10,114,1296,462,3,29,0,152,652,1210,0,0,0,6,16,0,20,1505,36,27,339,7,0,7,0,206,246,16,591,16,18
HACKGx182W3,HACKGx182,W3,HACK,HACK/G,18427,8514,13824,600,0,70,502,11,8578,88,4581,328,2613,98,34,15,31,2115,9693,9761,7,98,7,144,6474,9553,924,303,764,0,3428,1807,5702,22,12,157,0,4,7,296,3281,1418,58,1737,185,20,87,0,479,3828,2209,6568,66,512
HACKGx185W3,HACKGx185,W3,HACK,HACK/G,3227,1829,1333,38,0,11,86,0,2419,28,591,15,1228,25,10,16,7,83,929,749,0,21,0,18,1179,1091,330,22,73,0,378,885,1355,2,26,13,0,0,2,207,1275,241,0,331,14,0,32,3,50,1014,300,1704,53,58
HACKGx251W3,HACKGx251,W3,HACK,HACK/G,1453,876,1583,78,13,0,51,13,1257,19,303,26,554,37,4,8,6,559,1520,5413,0,11,0,20,493,1479,67,5,109,0,204,345,149,0,0,20,0,122,0,78,466,114,12,325,20,0,16,0,414,503,95,0,43,63
HACKGx271W3,HACKGx271,W3,HACK,HACK/G,21238,5826,20682,362,9,63,356,19,7894,96,2395,396,3073,194,43,47,72,6278,10182,7361,0,80,4,146,1865,16654,1467,255,534,4,3106,1625,5069,25,77,19,0,0,24,909,2225,408,194,2106,88,23,93,47,274,3674,287,24,383,623
HACKGx282W3,HACKGx282,W3,HACKG,HACK/G,2702,4876,6754,195,16,51,387,52,11439,210,2493,301,2356,163,61,36,76,1229,7007,66381,33,64,0,196,5375,9026,506,191,488,0,3365,7288,7030,11,14,88,0,241,53,481,31974,208,86,1737,81,24,51,13,4698,4410,259,47722,151,540
HACKGx306W3,HACKGx306,W3,HACK,HACK/G,11077,6494,26355,1195,120,223,1443,46,17956,511,9206,1133,1434,450,196,46,162,16748,22077,54781,15,223,13,313,2356,8794,3852,994,1413,27,7342,6856,3695,87,0,159,0,117,89,1545,14374,839,167,4210,70,68,106,25,8486,7499,920,9,222,1097
HACKGx320W3,HACKGx320,W3,HACK,HACK/G,1934,369,527,35,0,5,64,39,603,0,109,25,104,32,3,0,9,218,757,572,0,0,0,21,7,278,86,12,65,0,380,99,52,4,0,0,0,63,0,56,1391,143,0,152,0,0,3,0,1303,194,69,1481,19,20
HACKGx321W3,HACKGx321,W3,HACK,HACK/G,2656,896,1159,39,0,11,30,158,1901,24,154,17,183,16,7,0,8,138,540,5296,0,0,0,21,31,861,344,3,28,0,323,82,325,0,0,0,0,357,5,80,4204,191,4,195,0,0,0,0,1887,310,63,2507,13,45
HACKGx328W3,HACKGx328,W3,WT,WT,399,565,2367,132,0,6,54,2,1702,11,489,57,379,21,0,0,12,813,1486,5386,0,13,0,0,345,1006,146,0,25,0,525,60,1326,0,0,0,0,20,8,190,1381,0,0,395,28,12,12,0,286,472,80,11,18,142
HACKGx331W3,HACKGx331,W3,HACKG,HACK/G,126,1520,1852,58,14,9,134,10,1346,22,430,20,435,31,12,0,7,709,1159,1580,5,0,0,19,208,778,244,18,90,0,639,535,861,9,0,0,0,0,0,126,1473,0,0,389,10,0,3,0,147,108,88,8,3,196
HACKGx342W3,HACKGx342,W3,HACKG,HACK/G,9766,2206,3227,84,7,9,172,45,2668,68,497,100,1002,48,18,0,41,1940,1988,8651,0,20,0,42,1066,3044,706,30,199,6,1268,1543,1574,7,0,0,0,77,31,184,6555,574,70,854,10,9,8,0,1697,987,138,7584,42,150
HACKGx344W3,HACKGx344,W3,WT,WT,18252,1182,4979,248,14,15,113,0,2565,22,516,194,872,47,11,10,6,1505,1874,714,4,9,0,43,186,2675,515,28,111,0,826,316,943,2,0,14,0,77,6,491,2289,1116,21,527,57,0,22,7,1181,793,313,23,8,69
HACKGx353W3,HACKGx353,W3,HACKG,HACK/G,326,289,671,22,0,0,39,63,1191,18,262,78,158,0,0,16,4,548,816,9402,0,3,0,13,0,553,131,6,44,0,154,275,36,0,0,0,0,388,3,97,3554,0,11,261,25,0,4,0,1176,308,220,0,8,17
HACKGx358W3,HACKGx358,W3,HACKG,HACK/G,670,518,785,30,5,8,96,8,896,37,81,26,602,19,8,0,12,1205,553,2357,3,3,0,15,161,489,140,21,470,0,247,260,340,8,0,0,0,78,0,46,591,35,11,352,10,0,8,8,98,195,56,0,7,124
HACKGx364W3,HACKGx364,W3,WT,WT,607,417,1590,163,0,23,128,0,942,20,208,141,592,24,11,37,18,1137,2592,7979,0,14,0,27,634,746,143,195,91,0,846,112,690,4,0,0,0,14,0,134,277,48,8,539,35,0,11,0,346,415,38,0,10,268
HACKGx389W3,HACKGx389,W3,WT,WT,438,1183,4627,259,0,28,264,3,3288,34,1619,209,656,101,36,76,20,1570,3237,6306,0,20,0,38,1851,2010,517,264,307,0,789,243,1494,0,0,12,0,89,38,278,9096,0,20,452,110,23,14,0,2242,1928,269,57,6,108
HACKGx395W3,HACKGx395,W3,WT,WT,535,648,1397,43,12,5,24,157,2946,31,372,15,458,0,0,11,29,304,544,33122,0,11,0,8,1078,1835,227,13,15,0,99,393,252,0,0,29,0,990,0,102,7339,47,17,190,0,0,7,19,3839,1075,144,1626,33,0
HACKGx396W3,HACKGx396,W3,WT,WT,599,561,4213,203,0,17,108,31,2666,35,708,150,568,24,8,14,22,1260,2414,11567,0,11,0,22,1205,1496,697,104,192,0,733,305,180,5,22,20,0,251,5,192,2591,39,25,546,127,8,20,20,2308,382,84,18,11,57
HACKGx417W3,HACKGx417,W3,HACKG,HACK/G,240,671,2524,131,0,19,106,0,1590,0,853,144,347,30,18,7,0,782,1726,6131,0,8,2,12,1041,1178,232,153,130,0,446,106,1168,0,0,8,0,42,29,121,6493,0,9,317,58,16,11,0,1332,988,151,48,4,52
HACKGx419W3,HACKGx419,W3,WT,WT,223,235,1694,55,0,11,87,63,1783,42,301,154,740,36,17,7,15,548,1172,32299,0,5,0,17,1301,696,278,71,91,11,577,164,170,0,12,9,0,398,3,136,5073,0,0,463,46,0,20,25,2545,121,44,50,7,93
ACKGx292W7,ACKGx292,W7,ACKG,ACK/G,6764,5339,12157,188,79,21,341,0,14936,41,5478,283,2467,227,88,44,53,2055,6637,434,23,21,0,184,1686,8244,253,65,535,0,2446,5213,1503,0,15,16,15,0,0,391,878,475,76,1615,48,12,74,0,10,2057,676,3381,238,1789
ACKGx339W7,ACKGx339,W7,ACK,ACK/G,25307,1017,12648,375,0,39,348,0,4039,90,4086,495,4846,49,80,0,65,2353,7036,7689,5,9,5,89,2322,4486,444,68,299,10,1550,2283,8961,0,0,7,23,0,0,149,1998,1638,175,2905,111,17,95,17,147,891,136,108,25,246
ACKGx348W7,ACKGx348,W7,ACK,ACK/G,20104,361,1298,30,15,0,61,41,2447,211,691,59,14789,26,40,10,15,1083,1985,17495,48,0,0,30,2228,1310,216,10,35,0,454,664,8124,3,14,7,4,2,0,203,11455,1324,52,1217,90,0,204,84,183,221,120,25,0,32
ACKGx354W7,ACKGx354,W7,ACKG,ACK/G,5573,3383,9126,561,9,82,980,0,9204,63,13815,705,924,93,134,27,61,4794,12648,3839,0,82,3,177,307,1618,637,154,624,0,2800,2870,4117,0,0,79,55,0,7,219,2503,328,129,2788,78,14,30,0,286,2230,516,78,46,1179
ACKGx361W7,ACKGx361,W7,ACKG,ACK/G,7261,2581,7446,63,14,79,562,0,9007,24,5978,426,1453,95,22,70,32,3824,7880,7261,3,58,0,116,265,3870,382,131,410,0,2294,2262,3053,0,0,135,93,0,8,348,12087,610,0,1831,43,14,31,0,466,5109,684,1547,89,625
ACKGx382W7,ACKGx382,W7,ACKG,ACK/G,6241,3298,1247,29,12,12,63,32,8068,143,1082,94,858,23,10,5,62,769,1271,21753,32,36,0,34,3914,2953,368,28,29,0,715,2078,3299,8,0,11,49,37,4,182,12850,451,0,655,10,0,31,0,1389,1969,57,14630,77,121
ACKGx396W7,ACKGx396,W7,ACKG,ACK/G,1862,1128,2117,45,5,4,77,260,4654,102,819,44,238,18,5,4,9,870,786,54681,5,27,0,11,1669,3157,1485,20,90,4,789,1797,1114,0,0,0,37,290,0,116,1860,168,9,337,10,0,9,0,3780,1406,126,108,9,471
ACKGx397W7,ACKGx397,W7,ACK,ACK/G,3745,849,7101,331,0,41,253,0,7575,134,1958,493,1210,59,63,30,39,5700,5533,6718,76,35,8,83,3524,3682,1484,101,498,0,1795,1521,4437,16,8,5,29,0,10,179,9241,247,15,1363,57,39,85,0,290,2280,412,77,60,992
ACKGx415W7,ACKGx415,W7,ACK,ACK/G,45,7534,5461,76,22,27,214,33,7388,65,2483,292,2439,12,48,109,56,3142,3981,633,0,35,7,193,2857,6208,105,56,315,0,2531,5089,9088,37,0,0,0,0,0,272,1226,0,0,1939,80,19,46,0,25,2518,628,44575,334,654
ACKGx416W7,ACKGx416,W7,ACKG,ACK/G,59,6152,3976,68,14,15,139,212,8089,128,814,229,2695,11,21,25,85,2396,2749,3754,5,20,0,65,2960,4192,909,54,103,5,1138,2734,9263,13,0,4,0,12,5,376,3090,0,0,1030,35,0,74,0,0,1888,309,47898,99,37
ACKGx419W7,ACKGx419,W7,ACKG,ACK/G,37,4020,4522,70,273,31,116,276,5755,291,1439,202,2799,23,17,0,61,2822,2413,10098,0,22,0,80,562,4330,560,39,123,6,1912,3863,16312,0,0,3,0,52,0,343,1878,0,0,1981,13,0,51,25,11,1688,552,32271,62,134
ACKGx420W7,ACKGx420,W7,ACK,ACK/G,651,6804,4955,198,0,31,376,5,5542,68,1509,174,2200,93,41,3,30,3094,4003,2039,4,26,0,122,1831,7271,463,71,268,0,2335,2923,6195,32,0,12,0,11,6,300,1193,0,0,1266,64,11,55,0,103,1913,261,27888,84,837
ACKGx426W7,ACKGx426,W7,ACK,ACK/G,31,2623,5426,99,1870,30,105,16,5118,89,1444,223,1562,64,23,80,49,2000,2196,138,0,18,2,47,54,4629,143,18,15,7,525,5648,3449,18,0,0,0,25,40,300,2296,0,0,1976,51,28,33,0,0,2432,787,505,136,161
ACKGx433W7,ACKGx433,W7,ACK,ACK/G,29,338,5678,287,478,38,186,6,5983,82,1119,163,2886,175,19,35,64,3422,1911,188,0,14,0,46,61,4390,37,8,28,0,131,8849,3662,27,0,0,24,15,0,263,1852,0,0,1166,207,9,12,0,0,2472,930,32,37,452
ACKGx435W7,ACKGx435,W7,ACK,ACK/G,22,842,4967,216,85,52,439,0,2505,51,1899,616,1989,71,25,127,37,3760,4558,58,0,48,0,72,0,2513,212,394,300,0,1704,1945,123,30,0,0,37,27,0,422,1071,0,0,1361,40,0,14,0,0,1468,2221,23,39,1339
ACKGx440W7,ACKGx440,W7,ACKG,ACK/G,18,1867,1943,97,40,11,148,0,1492,8,267,68,359,41,11,36,31,742,997,22,0,7,2,30,0,1449,36,6,48,0,510,1015,119,0,0,0,12,0,0,72,98,0,0,341,31,13,0,0,0,379,170,3904,71,64
HACKGx182W7,HACKGx182,W7,HACK,HACK/G,14874,3955,15257,781,10,75,1076,0,7484,66,7643,347,4815,245,91,89,46,2063,13870,2574,4,49,5,184,1127,6662,532,388,567,0,3294,1966,3198,59,0,179,0,0,4,1168,2931,1019,87,2316,85,20,99,0,17,3028,641,1031,16,1468
HACKGx185W7,HACKGx185,W7,HACK,HACK/G,15004,5550,4242,96,15,30,132,0,6780,32,1223,92,3280,48,26,11,14,327,2542,958,8,73,2,77,944,4545,310,101,159,0,1023,2449,2451,24,0,17,0,0,12,454,7603,1099,0,589,6,10,80,0,4,2956,93,11126,29,408
HACKGx251W7,HACKGx251,W7,HACK,HACK/G,14452,6514,7200,910,14,65,735,10,8206,67,3012,234,3096,156,94,16,66,3797,11565,19553,0,56,7,178,912,6862,1006,295,685,0,2829,2822,2047,0,7,35,0,64,0,532,437,1016,166,2095,180,33,47,28,677,2966,946,47,65,399
HACKGx271W7,HACKGx271,W7,HACK,HACK/G,10222,4876,8889,347,15,67,574,15,6127,66,1873,216,2795,187,65,75,48,4891,6201,3221,20,55,0,168,2017,5579,755,172,332,0,2642,2839,6993,25,15,4,0,4,9,390,1000,0,36,1932,52,27,67,16,126,2956,324,13402,115,1237
HACKGx282W7,HACKGx282,W7,HACKG,HACK/G,13194,2650,1104,15,15,14,51,94,3192,107,670,42,1184,41,18,0,19,683,1023,13484,3,15,0,39,5038,2244,112,18,88,0,800,1489,3397,0,0,7,0,43,10,177,11078,492,0,458,0,0,17,0,916,1459,142,15327,105,399
HACKGx306W7,HACKGx306,W7,HACK,HACK/G,5551,2220,6809,250,12,49,591,3,1873,91,3478,362,2030,73,70,9,32,3599,5524,10058,17,21,0,77,2018,2617,474,200,300,0,2749,1938,3806,21,0,77,0,11,21,513,924,275,29,1743,20,13,41,0,694,1016,205,1725,55,481
HACKGx307W7,HACKGx307,W7,HACKG,HACK/G,1869,4818,2637,129,67,29,226,0,3972,28,1015,275,907,113,28,7,28,1075,2395,2225,2,34,0,145,574,2726,490,124,255,0,1459,2194,1991,14,19,24,0,11,6,130,430,103,19,666,23,0,16,65,255,1919,58,12931,121,854
HACKGx320W7,HACKGx320,W7,HACK,HACK/G,126,4885,3712,172,61,25,287,125,5292,106,1070,164,2723,139,27,51,86,3638,2444,15956,0,8,0,54,2788,2678,89,57,126,0,1280,1056,4097,10,0,0,0,1364,0,310,1197,0,0,1348,30,15,25,24,640,660,94,282,35,430
HACKGx321W7,HACKGx321,W7,HACK,HACK/G,4689,325,3234,106,9,7,224,42,865,51,853,56,274,79,20,0,7,1255,1765,19420,0,0,0,40,910,349,158,26,97,0,1094,158,1943,11,0,7,0,302,0,108,1328,402,21,849,54,0,11,13,242,93,19,543,10,175
HACKGx328W7,HACKGx328,W7,WT,WT,137,1684,6450,583,9,56,215,411,6973,82,2166,246,4609,21,30,21,22,4816,3279,35977,0,26,3,62,813,3610,755,58,76,0,3496,367,3853,5,0,0,0,0,7,692,6113,0,0,1286,94,34,45,9,822,918,216,1007,13,52
HACKGx331W7,HACKGx331,W7,HACKG,HACK/G,351,1175,5618,122,16,8,209,160,1740,99,1867,116,2595,33,33,7,24,4372,3514,35041,0,0,0,40,3860,891,612,17,179,0,2435,920,2192,6,0,0,0,0,0,322,10035,0,0,2038,14,38,84,9,840,77,89,965,0,596
HACKGx342W7,HACKGx342,W7,HACKG,HACK/G,33,9320,2440,76,109,27,102,200,8849,238,1547,191,2903,85,21,29,61,1909,1385,5489,5,49,7,63,940,5361,112,9,19,18,1880,3679,5639,10,0,0,0,166,16,534,1274,0,0,1731,25,16,26,21,102,1654,189,33826,67,131
HACKGx344W7,HACKGx344,W7,WT,WT,184,2339,11763,1762,9,83,994,12,7663,132,1688,716,4524,128,36,45,140,10083,5974,3189,0,23,14,134,493,3315,203,19,244,0,1580,1244,2626,30,0,0,0,35,5,449,1388,0,0,5016,463,35,55,6,80,628,313,1606,19,1254
HACKGx353W7,HACKGx353,W7,HACKG,HACK/G,3864,1631,7225,210,12,0,609,123,3806,80,2490,346,490,211,42,152,24,4954,6226,13574,0,35,0,73,365,2685,350,181,502,0,2706,1661,384,0,0,28,0,127,0,431,3951,312,108,1591,78,23,7,0,945,1368,843,702,101,1068
HACKGx356W7,HACKGx356,W7,HACKG,HACK/G,8977,4326,2756,80,8,25,237,37,4567,117,2109,194,1220,197,28,7,45,3158,2718,1457,10,20,0,74,1319,3504,290,66,1313,0,1780,2657,3117,18,0,7,0,0,0,372,508,0,0,1119,14,23,43,0,18,1525,242,9564,60,508
HACKGx358W7,HACKGx358,W7,HACKG,HACK/G,10972,3557,1777,13,10,8,56,52,6318,100,983,64,1288,57,10,0,55,1429,1178,5131,3,34,2,37,765,5120,174,45,410,4,903,1564,2755,4,0,2,0,0,2,328,30219,111,0,548,0,0,27,0,442,1357,254,9906,19,345
HACKGx364W7,HACKGx364,W7,WT,WT,7270,1434,4462,222,9,18,272,0,1610,154,926,199,12270,31,10,56,51,2737,4756,4106,3,14,0,43,4120,2069,492,553,146,10,1543,139,11074,8,0,35,0,12,0,711,5677,468,42,1387,80,0,156,19,333,1487,215,9,21,15
HACKGx367W7,HACKGx367,W7,HACK,HACK/G,4667,1078,2615,82,0,0,347,0,1613,21,1039,85,501,54,16,16,13,1330,2666,507,0,8,0,42,185,1950,70,125,183,0,996,265,1064,0,0,10,0,0,0,228,89,234,27,678,33,4,5,0,24,529,81,163,12,126
HACKGx389W7,HACKGx389,W7,WT,WT,5954,961,2649,75,10,0,39,0,3161,145,1459,72,4830,46,24,29,42,824,1295,38947,4,27,0,18,3588,3704,852,83,670,0,762,256,4188,0,0,48,0,124,17,351,2673,185,75,602,61,0,41,10,3070,1284,420,7,15,55
HACKGx395W7,HACKGx395,W7,WT,WT,17,3058,8953,369,27,24,316,182,14760,159,748,184,6389,37,16,81,80,4055,2698,24732,4,44,0,62,614,6783,167,30,127,48,1194,2424,348,18,12,0,0,991,26,316,4435,0,0,2536,372,23,16,26,977,1056,476,11400,60,764
HACKGx396W7,HACKGx396,W7,WT,WT,49,78,1174,39,6,0,214,0,2420,118,444,34,11730,36,0,0,82,2675,283,1089,4,11,0,6,11,130,20,0,0,0,42,176,3685,3,3278,0,0,0,0,223,47628,0,0,933,60,0,236,58,59,36,176,253,0,5
HACKGx417W7,HACKGx417,W7,HACKG,HACK/G,73,989,2108,38,15,24,218,75,3752,239,630,103,5249,157,6,11,93,2155,1130,266,0,21,0,27,825,696,44,3,36,27,319,3601,6367,4,725,0,0,2,4,277,3569,0,0,599,22,0,159,21,8,333,148,38185,40,27
HACKGx419W7,HACKGx419,W7,WT,WT,106,1858,7889,915,1490,54,358,7,8775,77,1040,212,4434,102,30,186,109,3969,4283,1075,6,63,0,67,45,5046,152,0,200,0,1782,3685,3344,34,619,0,0,7,0,927,4813,0,0,2254,286,17,41,26,116,1611,404,847,45,721
ACKGx292W11,ACKGx292,W11,ACKG,ACK/G,713,1843,3544,99,10,24,371,0,5488,28,2826,188,1305,109,30,79,39,2635,3483,549,30,0,0,101,714,4663,165,42,282,0,1576,3567,1956,0,0,59,23,0,3,225,1350,0,74,1273,64,7,24,0,8,1263,489,3253,50,2128
ACKGx339W11,ACKGx339,W11,ACK,ACK/G,1422,3025,9539,432,11,39,658,24,8311,58,5280,542,2014,108,112,21,71,5725,7776,4193,40,42,2,167,1025,5895,324,230,436,3,4031,6239,4586,0,0,62,26,3,0,515,1230,114,48,2834,55,18,24,22,29,2257,449,348,75,1164
ACKGx348W11,ACKGx348,W11,ACK,ACK/G,493,698,5697,471,17,56,271,46,4597,17,3145,403,3913,81,52,4,18,3455,7061,13064,5,16,0,137,992,4152,328,113,465,0,2708,2139,4068,10,0,29,23,6,5,464,6231,0,118,2004,147,19,21,0,129,1320,529,146,30,1382
ACKGx354W11,ACKGx354,W11,ACKG,ACK/G,13344,5289,1351,25,5,46,73,42,8980,89,1482,230,2655,22,20,15,27,560,1509,5976,0,14,0,47,5754,3159,179,40,111,0,802,3539,5559,0,8,51,29,0,26,91,790,595,0,739,51,0,26,19,76,2210,81,25224,139,292
ACKGx361W11,ACKGx361,W11,ACKG,ACK/G,7598,1059,1787,11,195,11,73,234,6366,92,3119,159,462,12,0,127,30,779,1199,13818,3,29,0,17,1479,3185,207,16,1169,0,658,982,1396,0,0,86,32,0,7,143,9813,546,0,215,0,0,19,0,284,702,338,2048,107,725
ACKGx382W11,ACKGx382,W11,ACKG,ACK/G,2175,1608,784,33,33,13,67,163,3414,113,374,74,769,9,0,8,22,252,711,27508,0,6,0,22,683,1151,217,31,20,0,267,839,1122,0,0,16,8,332,3,157,581,123,0,255,0,0,12,0,960,658,41,6049,62,364
ACKGx396W11,ACKGx396,W11,ACKG,ACK/G,3702,435,1829,28,10,12,62,162,2341,64,649,93,450,9,10,9,0,964,817,21672,5,24,0,31,737,1561,393,17,115,4,605,1380,911,12,0,9,37,144,16,94,557,198,0,306,0,0,9,10,1069,869,224,46,16,435
ACKGx397W11,ACKGx397,W11,ACK,ACK/G,3271,754,2955,75,9,21,170,0,3045,64,2610,280,455,28,33,100,17,2328,2087,3404,29,41,0,44,780,2278,165,37,94,0,1809,2674,1936,7,0,4,46,0,37,259,3504,261,12,651,0,0,13,0,21,1350,837,255,40,374
ACKGx415W11,ACKGx415,W11,ACK,ACK/G,3372,1544,1184,34,13,10,70,0,2069,19,617,41,1185,0,11,40,11,547,942,568,0,7,0,37,579,1303,91,22,51,0,1047,893,2501,0,0,15,0,0,0,136,687,0,0,418,10,9,26,0,12,641,132,8688,18,338
ACKGx416W11,ACKGx416,W11,ACKG,ACK/G,3199,5196,3242,85,48,72,308,220,8663,29,1840,189,835,33,27,21,50,1974,4321,7389,2,18,7,123,891,4714,457,115,241,0,2011,2410,1819,17,0,11,0,5,0,319,1259,0,0,1674,27,15,21,0,257,1843,145,33442,30,481
ACKGx419W11,ACKGx419,W11,ACKG,ACK/G,4098,1166,799,53,133,14,93,237,4010,70,559,50,1300,10,16,0,21,827,1473,21754,0,7,0,47,669,1332,110,51,54,0,667,614,3221,5,0,16,0,34,0,209,7834,0,0,757,5,0,34,0,1123,507,60,30649,6,36
ACKGx420W11,ACKGx420,W11,ACK,ACK/G,6605,5040,2641,267,3,71,445,8,5019,36,1951,174,3786,23,33,14,23,2818,4606,5420,0,15,0,106,1244,3673,204,173,207,0,1897,2373,4576,28,0,6,0,3,0,462,965,0,0,1626,40,21,47,0,100,1374,32,29179,34,145
ACKGx426W11,ACKGx426,W11,ACK,ACK/G,32,3194,4932,428,9,54,320,68,11252,53,1457,217,1480,18,32,6,82,1322,3652,1053,0,40,0,98,422,3011,683,73,81,10,1264,3859,3656,38,15,0,0,18,19,513,1037,0,0,1560,30,14,36,0,0,2065,254,12588,28,335
ACKGx433W11,ACKGx433,W11,ACK,ACK/G,13,7540,4150,71,478,9,167,13,3465,51,534,172,883,46,7,6,31,1486,2120,383,3,12,0,76,293,1449,113,0,29,0,761,3645,4833,10,0,0,4,6,0,83,803,0,0,519,300,68,8,0,0,1063,129,22704,70,428
ACKGx435W11,ACKGx435,W11,ACK,ACK/G,49,1570,3637,125,50,57,321,0,2935,56,1566,343,2268,38,17,280,36,3629,7519,1831,0,31,6,21,10,2305,240,320,241,0,1882,1301,837,22,0,0,61,36,0,395,1138,0,0,1275,78,22,15,0,0,1971,593,50,49,1660
ACKGx440W11,ACKGx440,W11,ACKG,ACK/G,13,5423,2381,25,219,19,85,0,8111,72,910,73,1593,0,9,162,42,1029,1356,131,6,18,0,16,52,2950,46,12,90,4,483,2498,320,16,0,0,13,0,0,405,1000,0,0,321,7,0,29,0,0,1182,469,2732,73,119
HACKGx182W11,HACKGx182,W11,HACK,HACK/G,897,3277,200,12,39,16,94,27,1906,33,213,20,385,6,0,0,2,53,398,9587,0,37,0,6,112,1181,279,14,12,0,59,1144,624,2,0,4,0,0,0,153,175,64,0,171,0,0,22,13,3,753,65,14333,15,17
HACKGx185W11,HACKGx185,W11,HACK,HACK/G,24607,6786,6227,62,0,47,99,7,6766,28,1706,97,7996,22,28,45,51,531,2750,954,75,50,4,84,818,4835,250,165,226,0,1626,4348,6390,40,0,40,0,0,0,1176,3042,1905,0,1533,16,0,160,0,2,2339,1423,9247,72,248
HACKGx251W11,HACKGx251,W11,HACK,HACK/G,6415,5305,4072,14,122,25,71,189,6019,139,658,87,2723,129,8,19,49,2253,2605,29533,9,19,0,74,2331,2829,742,59,98,0,1317,733,10436,0,0,31,0,0,8,419,451,418,0,1549,5,0,72,37,229,1699,517,14054,31,198
HACKGx271W11,HACKGx271,W11,HACK,HACK/G,10524,1807,3653,82,9,35,65,0,3609,102,574,169,2670,82,26,12,26,1434,4039,44008,0,3,0,73,7623,958,169,83,154,0,937,1481,4730,54,38,13,0,0,0,388,11196,0,0,2278,13,0,94,89,1053,448,49,3501,0,123
HACKGx282W11,HACKGx282,W11,HACKG,HACK/G,13213,3198,902,10,21,5,38,125,4959,42,909,48,1931,22,13,3,25,188,676,24091,43,12,0,16,5218,3450,173,4,44,0,189,1310,7743,4,0,18,0,73,4,153,18015,917,0,415,17,0,20,15,412,1877,161,37718,99,157
HACKGx306W11,HACKGx306,W11,HACK,HACK/G,16835,4112,5459,234,18,31,198,41,6649,114,2457,207,1526,88,18,101,59,1182,3405,31777,23,37,0,46,2312,6464,806,162,206,0,1763,3099,2777,43,0,67,0,95,2,633,2676,1156,0,1198,25,8,22,9,524,2561,544,390,18,887
HACKGx307W11,HACKGx307,W11,HACKG,HACK/G,25084,4142,6261,191,29,0,259,108,6271,196,3002,335,887,363,25,8,160,2797,1923,13151,9,86,0,81,1565,5556,627,44,154,0,1849,1846,2015,26,0,21,0,6,9,0,14130,0,0,1283,27,0,24,0,24,1932,260,38,94,1178
HACKGx320W11,HACKGx320,W11,HACK,HACK/G,6165,1296,3721,67,20,25,533,383,4539,72,1486,187,1878,92,12,16,51,1652,3634,11641,5,12,7,47,256,1684,221,53,228,0,1621,670,523,61,20,13,0,14,0,363,4037,185,0,1441,5,6,20,9,808,773,540,2186,6,1065
HACKGx321W11,HACKGx321,W11,HACK,HACK/G,27540,2162,8620,307,0,28,534,154,6077,144,2839,197,1338,98,49,7,66,3120,4715,21670,0,13,4,80,1443,4093,586,113,268,5,3586,886,2323,63,23,16,0,23,0,913,1195,470,0,1668,39,14,27,0,18,1251,900,269,26,782
HACKGx328W11,HACKGx328,W11,WT,WT,1380,1709,6774,943,15,29,207,89,8266,44,1630,184,1710,35,22,28,20,3136,3050,8818,7,48,40,58,1591,4567,3080,96,157,0,2502,582,541,6,27,0,0,40,14,1025,5118,64,0,1266,46,25,63,0,35,2410,299,3314,66,154
HACKGx331W11,HACKGx331,W11,HACKG,HACK/G,1561,7111,1135,32,5,12,47,457,5493,143,349,45,2753,12,13,45,32,278,1321,17879,3,6,40,62,2358,1893,207,2,71,0,1973,2685,794,4,11,0,0,164,0,209,2876,108,0,650,0,0,22,0,128,878,27,34432,150,819
HACKGx342W11,HACKGx342,W11,HACKG,HACK/G,2095,5267,1513,40,15,11,36,53,7100,80,1591,75,3328,40,24,35,28,829,1453,1101,0,21,0,65,6819,3234,79,0,90,0,2009,2128,3225,7,60,0,0,7,11,454,2442,0,0,975,6,22,46,14,5,1330,232,26665,127,185
HACKGx344W11,HACKGx344,W11,WT,WT,1693,1963,13706,1239,0,135,322,14,10215,83,1448,302,4735,125,30,10,110,6655,4414,5644,0,37,0,91,3831,3171,249,20,139,22,1969,423,3510,24,0,0,0,39,5,521,1634,0,0,2179,159,24,123,38,184,545,594,1465,33,436
HACKGx353W11,HACKGx353,W11,HACKG,HACK/G,5055,4396,1784,62,0,0,245,391,5846,27,886,114,480,65,18,34,25,504,3569,9336,0,23,0,80,1052,1439,192,90,645,0,1174,2906,278,9,0,28,0,193,10,475,3935,0,0,759,37,0,0,0,536,2010,583,24242,387,346
HACKGx356W11,HACKGx356,W11,HACKG,HACK/G,10339,958,709,10,11,16,25,246,4160,70,819,50,523,9,4,7,0,414,749,6559,3,19,31,19,1089,1826,89,9,343,0,598,2245,976,6,0,16,0,0,0,226,12756,0,0,426,8,0,20,0,450,1582,116,20312,52,148
HACKGx358W11,HACKGx358,W11,HACKG,HACK/G,6122,5111,834,63,21,26,211,7,4668,103,568,46,713,18,10,24,23,1469,1650,3263,0,15,107,55,1121,1639,275,67,237,0,689,768,795,15,12,0,0,0,3,384,2376,0,0,627,7,0,18,15,187,1165,154,27796,55,826
HACKGx364W11,HACKGx364,W11,WT,WT,540,2437,7927,498,6,42,447,0,4296,57,882,292,4031,219,57,84,73,6624,4733,669,0,20,0,72,6245,973,179,497,191,0,997,695,2836,24,0,2,0,0,3,718,671,0,0,2128,256,11,41,0,6,1010,171,38,35,554
HACKGx367W11,HACKGx367,W11,HACK,HACK/G,12898,1323,1684,57,13,0,391,12,3727,18,820,68,1182,0,9,56,60,412,2412,4490,0,31,2,50,1803,1683,187,60,872,0,784,1413,1346,0,0,62,0,15,0,313,596,0,0,558,0,8,0,0,254,1465,280,13465,59,324
HACKGx389W11,HACKGx389,W11,WT,WT,18937,851,3220,489,0,17,180,0,2596,138,1363,141,1130,20,43,30,30,1186,2434,45120,0,33,0,38,2538,2289,547,117,1000,0,583,168,3525,14,0,0,0,28,13,381,10746,1279,21,817,82,11,30,0,2220,1774,495,61,9,116
HACKGx395W11,HACKGx395,W11,WT,WT,120,1626,13151,791,26,35,353,102,12397,61,1091,319,4703,88,44,89,78,4819,3701,15701,0,53,3,67,61,8015,147,29,183,9,1416,2054,456,24,0,0,0,208,0,409,1357,0,0,2269,92,32,41,32,594,2847,275,57,28,40
HACKGx396W11,HACKGx396,W11,WT,WT,83,1608,15045,1012,15,69,397,0,4939,85,3438,556,9464,121,49,427,53,8313,8038,6816,5,51,77,43,259,2318,344,102,448,6,6727,990,789,37,58,0,0,9,0,1196,999,0,0,3149,274,36,67,24,212,2157,733,39,22,872
HACKGx417W11,HACKGx417,W11,HACKG,HACK/G,37,3318,6730,312,99,75,413,213,5381,114,3028,239,2545,23,52,186,37,1156,5280,8660,3,24,142,107,1659,2151,140,43,296,0,2700,2371,1190,35,48,0,0,0,0,639,1643,0,0,1690,18,25,27,12,0,1834,515,7852,88,883
HACKGx419W11,HACKGx419,W11,WT,WT,67,2126,6664,956,29,83,380,6,8586,123,1291,363,10116,197,13,46,83,4870,5327,7329,0,73,56,55,2971,2067,348,33,299,15,2177,1275,5189,43,59,0,0,5,0,1057,1195,0,0,1908,136,30,73,30,87,1535,586,221,52,600
ACKGx339W15,ACKGx339,W15,ACK,ACK/G,7235,2071,4902,116,0,25,214,112,4932,77,1462,198,1300,61,10,8,53,1865,2392,7129,4,26,0,88,1568,2890,206,39,180,5,1043,2585,3768,0,0,0,10,42,13,156,812,425,9,1060,26,0,25,0,112,970,105,1785,16,602
ACKGx348W15,ACKGx348,W15,ACK,ACK/G,1163,752,6826,259,0,33,290,74,3672,31,2739,272,1423,46,54,0,19,2845,4533,14405,0,19,0,78,1106,3502,166,68,336,0,1706,1404,976,0,0,35,0,127,0,455,669,90,39,1425,60,0,11,0,266,940,328,23,19,632
ACKGx382W15,ACKGx382,W15,ACKG,ACK/G,3004,581,286,14,0,5,22,289,2668,0,182,44,71,0,5,5,11,86,296,8121,0,15,0,17,460,1232,596,0,38,0,143,816,57,0,0,3,11,182,0,49,1996,0,0,55,0,0,0,0,372,657,24,7825,76,23
ACKGx396W15,ACKGx396,W15,ACKG,ACK/G,289,404,196,2,9,0,23,361,1583,11,207,25,31,4,0,2,0,118,159,12518,0,6,0,0,15,498,132,3,25,0,99,218,11,4,0,0,0,169,0,52,1867,0,0,32,0,0,0,0,494,189,36,39,16,111
ACKGx397W15,ACKGx397,W15,ACK,ACK/G,3902,1330,1971,27,7,19,60,166,6799,76,808,161,373,49,2,61,9,817,933,10871,3,23,2,0,1652,507,321,32,90,0,665,1630,2393,0,0,14,18,0,13,237,12046,295,0,272,0,0,10,0,444,1927,794,3172,87,457
ACKGx415W15,ACKGx415,W15,ACK,ACK/G,3364,3275,3002,129,7,118,371,16,5486,57,1544,273,798,33,9,42,22,1348,4944,1283,0,22,164,144,997,2302,150,120,256,0,1484,1196,671,9,0,68,0,0,0,333,215,0,0,1222,51,10,18,0,23,1356,459,24502,36,710
ACKGx416W15,ACKGx416,W15,ACKG,ACK/G,4585,2780,439,9,18,13,33,200,3941,21,679,61,670,0,4,0,9,190,442,5280,0,12,7,33,1379,1975,38,14,27,0,258,1135,2008,2,0,11,0,0,0,116,2592,0,0,236,16,0,8,0,290,684,56,20098,59,87
ACKGx419W15,ACKGx419,W15,ACKG,ACK/G,8182,1199,2293,54,48,7,125,142,3534,85,874,135,1167,11,9,17,8,693,1493,10685,0,16,63,44,1760,1916,88,46,136,0,1449,513,6026,0,0,16,0,5,0,191,1197,0,0,638,20,0,9,0,471,644,218,13742,0,492
ACKGx420W15,ACKGx420,W15,ACK,ACK/G,6347,2844,1458,51,0,69,149,40,2766,46,825,125,1536,25,6,0,15,688,1699,4126,3,7,47,53,2050,1835,330,49,65,0,666,940,3141,11,0,17,0,6,0,168,430,0,0,857,37,0,37,0,87,481,136,12895,33,218
ACKGx426W15,ACKGx426,W15,ACK,ACK/G,10304,1795,1263,259,0,23,170,76,5539,42,735,120,393,22,13,2,11,896,2393,4804,0,46,0,89,788,1947,419,59,159,0,865,1467,531,16,0,0,0,65,7,163,418,0,0,664,23,0,4,0,55,1845,61,15081,123,514
ACKGx433W15,ACKGx433,W15,ACK,ACK/G,2328,2453,5242,370,32,70,317,0,6336,69,1937,365,1152,55,16,78,51,1754,6100,1390,0,68,74,80,1430,1905,174,128,295,0,1041,1086,2153,30,0,0,47,0,28,333,419,0,0,984,79,0,27,0,9,1719,647,2497,57,669
ACKGx435W15,ACKGx435,W15,ACK,ACK/G,7779,901,1558,18,198,11,98,27,4034,225,441,73,783,16,0,49,14,705,1717,22632,0,44,0,0,811,744,136,108,62,0,422,737,2035,0,0,14,28,44,7,147,261,0,0,294,0,0,17,0,865,1730,395,961,12,419
ACKGx440W15,ACKGx440,W15,ACKG,ACK/G,10086,2343,5292,108,91,22,179,0,5998,127,690,229,1123,133,27,70,46,1672,2346,583,4,42,52,46,857,1292,84,26,163,0,741,1559,1938,7,0,18,15,0,0,398,438,0,0,507,19,15,41,0,38,1522,479,3269,175,99
HACKGx182W15,HACKGx182,W15,HACK,HACK/G,3873,3497,2957,80,121,10,93,128,6370,38,824,101,1013,34,9,39,8,325,2125,1568,4,40,0,28,322,3348,328,61,73,0,960,1456,2814,15,0,16,0,0,7,614,211,249,0,797,0,0,21,0,9,2299,456,28936,84,89
HACKGx185W15,HACKGx185,W15,HACK,HACK/G,2986,3131,1192,18,22,13,85,123,5699,26,967,61,577,13,10,36,12,273,2124,1935,0,25,3,46,305,3029,227,67,122,0,652,891,1037,7,0,44,0,0,15,386,274,198,0,407,0,0,24,0,12,1681,234,30463,50,211
HACKGx282W15,HACKGx282,W15,HACKG,HACK/G,8277,3171,1190,46,0,25,162,259,3684,29,617,89,375,38,10,0,30,201,792,8690,2,16,0,0,511,2770,896,9,121,0,206,1089,1288,0,0,5,0,198,0,79,990,0,0,329,13,0,9,0,109,1096,91,23414,157,152
HACKGx306W15,HACKGx306,W15,HACK,HACK/G,4621,2297,1193,45,0,15,78,112,2889,21,391,90,486,15,10,31,10,405,1479,10986,0,15,17,28,744,525,98,48,59,0,776,718,1096,12,0,8,0,227,6,126,2484,0,0,498,10,0,3,0,199,1254,114,10963,90,139
HACKGx320W15,HACKGx320,W15,HACK,HACK/G,730,320,239,13,0,0,69,913,3055,22,250,42,149,7,0,0,0,52,361,20398,0,11,5,7,54,524,114,0,24,0,71,190,14,13,0,18,0,1509,0,60,4236,0,0,69,0,0,0,0,1494,455,126,7137,22,61
HACKGx321W15,HACKGx321,W15,HACK,HACK/G,985,308,258,20,0,0,28,288,1412,20,91,23,301,0,0,0,8,95,356,12119,0,0,8,8,267,320,29,0,17,0,104,97,91,0,0,6,0,119,0,37,2460,0,0,111,0,0,4,0,476,184,27,2866,22,89
HACKGx331W15,HACKGx331,W15,HACKG,HACK/G,658,990,846,54,0,4,141,587,2388,10,301,71,105,9,8,4,43,67,818,9347,0,17,41,21,303,636,466,15,68,0,141,289,43,8,0,0,0,305,0,48,1194,0,0,169,0,0,0,0,282,489,31,7215,34,184
HACKGx342W15,HACKGx342,W15,HACKG,HACK/G,37,2565,2966,106,8,20,100,641,5716,119,1860,146,1518,0,10,11,41,1244,1242,11895,0,20,26,43,621,2844,71,30,38,0,825,1208,3723,16,0,0,0,647,2,353,1490,0,0,781,5,15,26,0,1131,950,413,4142,34,218
HACKGx344W15,HACKGx344,W15,WT,WT,198,644,4296,494,0,28,147,9,4464,39,657,229,2258,41,14,11,26,2617,2088,9225,0,38,28,47,610,2279,307,36,80,0,1359,304,552,9,0,0,0,260,3,233,793,0,0,1005,77,10,66,4,577,539,170,65,13,290
HACKGx353W15,HACKGx353,W15,HACKG,HACK/G,5988,1122,513,5,5,0,34,506,2135,44,377,14,337,8,6,18,0,87,792,11276,0,7,25,9,857,381,28,44,54,0,163,878,1029,3,5,5,0,61,0,500,2107,396,0,152,6,0,16,0,466,554,603,4347,5,191
HACKGx356W15,HACKGx356,W15,HACKG,HACK/G,3282,3336,172,2,0,0,5,564,1081,51,388,18,682,0,0,0,0,85,218,2075,0,0,13,9,750,1235,13,0,19,0,104,2450,1162,0,0,0,0,0,0,31,2097,0,0,294,0,0,23,20,0,769,50,10707,8,112
HACKGx358W15,HACKGx358,W15,HACKG,HACK/G,7118,1221,414,0,0,4,6,17,1095,14,86,12,484,6,0,0,0,161,266,780,0,9,11,10,762,477,127,9,18,0,325,208,1373,0,0,3,0,0,0,167,1588,0,0,163,0,0,13,18,21,357,40,6470,32,57
HACKGx364W15,HACKGx364,W15,WT,WT,0,531,1599,69,5,10,90,0,1028,11,130,77,1457,29,8,9,17,1174,537,0,0,3,10,15,0,480,26,27,0,0,330,132,1498,0,0,0,0,0,0,127,83,0,0,444,79,0,9,0,0,234,104,9,9,215
HACKGx367W15,HACKGx367,W15,HACK,HACK/G,7902,899,392,0,52,0,15,1647,4611,155,400,18,394,0,2,14,9,52,648,14907,4,13,8,10,871,1328,37,12,10,0,124,1026,1385,0,0,5,0,13,0,181,3046,481,0,225,0,0,14,0,232,1144,87,22425,14,197
HACKGx389W15,HACKGx389,W15,WT,WT,6152,403,6039,591,9,35,178,0,1083,17,2363,255,1734,68,46,39,24,2034,3022,10170,2,27,41,34,1642,1526,679,79,231,0,1567,138,1037,14,16,0,0,20,0,403,576,263,79,1122,93,22,25,0,496,863,405,44,0,227
HACKGx395W15,HACKGx395,W15,WT,WT,96,1325,5774,369,0,18,105,101,5015,136,1056,67,2038,105,13,39,46,1298,1413,7779,0,35,0,42,829,4695,109,13,58,0,1132,480,523,18,29,0,0,174,5,426,965,0,0,576,42,22,37,0,316,1551,826,254,8,41
HACKGx396W15,HACKGx396,W15,WT,WT,2393,494,6147,734,4,48,317,0,2221,56,3035,268,2654,77,33,96,60,6207,5736,1324,0,15,62,51,99,1389,200,100,436,0,2544,170,144,17,9,0,0,6,10,1069,1244,0,0,1794,195,37,38,4,59,1244,460,19,5,996
HACKGx417W15,HACKGx417,W15,HACKG,HACK/G,3015,647,1449,35,24,15,177,341,2195,58,806,72,717,0,6,13,11,732,1900,25013,2,9,60,15,653,265,56,11,97,0,463,581,225,0,0,25,0,896,0,116,734,0,0,426,0,0,8,0,1151,463,441,7647,51,255
HACKGx419W15,HACKGx419,W15,WT,WT,21223,619,1318,116,18,9,66,0,1686,20,826,51,3078,11,8,124,16,1174,1526,6631,2,26,10,14,629,1451,124,0,77,0,361,423,1812,0,7,0,0,99,6,283,609,0,0,410,39,5,8,0,429,920,445,12,18,183
ACKGx292W19,ACKGx292,W19,ACKG,ACK/G,1282,1490,4486,69,23,21,268,120,4938,54,1555,137,2022,14,16,25,49,1319,2517,428,3,11,0,41,247,1849,475,55,192,0,2726,2342,153,3,0,29,11,17,0,361,1166,67,9,940,5,0,30,0,37,688,210,233,37,1876
ACKGx339W19,ACKGx339,W19,ACK,ACK/G,8893,1027,3876,214,7,25,149,63,3813,40,1683,128,1745,56,18,20,26,848,1902,4438,16,21,0,0,1052,1680,343,39,138,0,1351,1261,3746,0,0,6,0,9,4,171,1630,563,0,1061,7,0,27,5,80,961,130,586,41,314
ACKGx348W19,ACKGx348,W19,ACK,ACK/G,2424,1510,3909,279,0,43,249,99,6656,44,3191,244,3760,106,59,13,34,1911,4819,26387,0,13,0,110,2323,5132,235,89,212,0,2336,2786,2164,0,0,82,53,11,0,793,3640,170,12,1274,21,0,15,0,159,2571,686,102,8,512
ACKGx354W19,ACKGx354,W19,ACKG,ACK/G,15238,2246,855,33,0,15,77,410,8108,114,623,201,853,13,6,26,21,237,946,10049,0,12,0,53,1254,1707,97,15,120,0,908,1605,4357,0,0,9,14,17,18,124,3434,659,16,490,12,0,13,0,117,669,238,16996,30,362
ACKGx396W19,ACKGx396,W19,ACKG,ACK/G,197,3192,2290,37,740,15,209,1211,12562,36,1310,50,303,20,0,110,24,606,1257,21833,13,42,2,45,21,4648,134,21,22,7,231,4455,81,7,0,0,47,415,50,278,3962,0,0,321,0,9,0,0,233,2514,267,20662,385,225
ACKGx397W19,ACKGx397,W19,ACK,ACK/G,2687,1018,685,15,16,9,52,954,6304,107,313,36,241,49,0,32,20,117,654,22119,0,25,0,17,497,1400,173,33,26,0,188,1171,749,0,0,8,17,49,17,107,4231,187,19,216,0,0,0,0,99,1155,398,14645,161,65
ACKGx415W19,ACKGx415,W19,ACK,ACK/G,9522,3525,2546,107,6,23,177,18,7077,55,1768,153,1493,48,12,19,18,583,2190,1769,5,11,93,119,1472,2355,118,63,177,4,2452,2565,1044,14,0,27,0,0,0,222,938,0,0,841,15,0,29,0,65,2100,374,22639,125,1107
ACKGx416W19,ACKGx416,W19,ACKG,ACK/G,5642,3900,1964,89,24,105,209,86,3502,99,1435,226,1841,9,16,13,25,1511,2544,3938,0,6,91,163,867,1856,144,68,107,0,1701,2205,1249,8,0,10,0,0,0,294,996,0,0,973,38,15,18,29,103,931,109,22853,25,1040
ACKGx419W19,ACKGx419,W19,ACKG,ACK/G,7958,1262,3683,127,18,22,178,142,2889,64,1136,142,651,10,15,21,14,1952,2073,7485,3,18,66,47,762,1978,294,84,137,4,2272,1323,1334,0,0,14,0,22,0,154,4334,0,0,576,23,0,6,0,973,1057,298,1234,11,577
ACKGx420W19,ACKGx420,W19,ACK,ACK/G,9511,1984,941,110,192,26,153,10,2202,30,623,66,1757,58,15,0,15,401,1823,6811,0,0,40,61,831,1311,153,90,83,0,1153,1177,1856,16,0,29,0,0,0,277,10188,0,0,1069,0,0,29,0,652,584,243,11019,27,167
ACKGx426W19,ACKGx426,W19,ACK,ACK/G,4656,3719,2902,298,10,38,300,74,13355,64,1016,412,818,24,20,44,35,1792,3414,13330,5,33,134,183,1215,2579,810,87,219,3,1575,2401,363,29,0,0,0,74,0,117,1944,0,0,1405,70,10,11,0,50,2522,182,22320,71,1276
ACKGx435W19,ACKGx435,W19,ACK,ACK/G,416,9164,7655,313,474,112,524,746,21437,181,4113,476,2743,65,31,429,113,4153,7497,34939,4,114,80,137,1021,11830,417,224,834,9,2506,5819,3887,35,6,0,156,420,14,1566,13402,0,0,2366,94,23,47,0,507,7761,4117,16423,279,1326
ACKGx440W19,ACKGx440,W19,ACKG,ACK/G,879,8243,2703,51,1137,0,140,155,8506,65,1629,132,1354,28,3,110,31,1713,1433,6832,0,57,9,32,1200,6257,80,6,41,8,222,4794,758,11,10,0,29,334,0,456,1571,0,0,380,96,0,35,0,36,1745,1153,12800,119,119
HACKGx182W19,HACKGx182,W19,HACK,HACK/G,305,6771,872,21,31,34,139,1336,6151,49,386,72,278,59,10,5,18,299,2064,11055,0,7,0,65,444,2226,201,261,74,0,572,1906,222,4,0,17,0,21,12,401,3485,0,0,1441,12,0,18,0,297,845,71,30147,45,272
HACKGx185W19,HACKGx185,W19,HACK,HACK/G,358,3663,897,0,206,9,100,1303,2984,54,182,93,149,25,0,4,0,225,1742,15773,0,10,0,49,333,1324,223,38,45,0,100,910,16,3,0,4,0,22,0,579,4539,0,0,172,63,0,31,0,78,222,30,11194,71,125
HACKGx251W19,HACKGx251,W19,HACK,HACK/G,16,9169,913,44,866,20,312,557,9007,121,137,141,839,0,0,0,66,341,1436,12836,0,29,2,57,1360,3065,1073,40,52,15,25,2519,746,0,0,10,0,0,0,432,2361,0,0,1637,19,0,32,0,115,843,17,36942,67,262
HACKGx271W19,HACKGx271,W19,HACK,HACK/G,3948,8782,592,0,50,324,0,502,11342,189,220,37,108,32,0,0,109,311,2012,17359,57,32,0,16,125,1297,169,34,100,0,168,8592,34,8,0,39,0,0,0,131,2298,0,0,1910,13,0,4,5,141,2173,0,28,1923,287
HACKGx282W19,HACKGx282,W19,HACKG,HACK/G,6789,3752,1392,28,12,20,50,581,5559,30,565,173,919,8,6,9,62,284,1123,27123,9,0,22,53,687,1683,182,7,154,0,489,1368,812,0,0,22,0,1508,29,157,8133,0,0,353,7,0,11,0,1682,1409,47,39840,43,26
HACKGx306W19,HACKGx306,W19,HACK,HACK/G,6647,8739,2682,76,274,58,183,33,7193,28,2332,444,1221,0,13,76,21,504,2844,25552,8,26,99,113,1458,1744,198,100,139,0,962,923,423,17,0,38,0,186,14,349,5358,0,0,989,7,6,0,0,273,3298,799,27791,433,981
HACKGx320W19,HACKGx320,W19,HACK,HACK/G,5652,2046,1518,21,61,17,79,1542,7074,29,547,37,288,9,5,45,76,137,1550,37213,8,13,24,79,461,3918,1056,17,107,0,163,817,60,22,0,12,0,1602,0,288,8004,0,0,612,0,0,0,0,870,1528,73,41759,218,303
HACKGx321W19,HACKGx321,W19,HACK,HACK/G,3088,1335,926,5,27,5,73,2082,7772,31,708,67,332,23,0,23,25,161,1543,45349,0,9,2,34,613,2277,277,16,123,0,188,1132,55,8,0,17,0,1205,0,385,4819,0,0,546,10,0,0,0,175,840,74,18029,149,188
HACKGx328W19,HACKGx328,W19,WT,WT,26,2575,11754,664,0,26,365,805,6867,18,908,185,299,19,32,54,26,5051,4461,59639,8,42,11,65,56,1922,145,193,243,0,4413,463,62,15,7,0,0,825,0,664,3697,0,0,899,86,67,40,0,562,1269,404,523,62,618
HACKGx331W19,HACKGx331,W19,HACKG,HACK/G,64,2348,1176,29,0,5,45,2268,7070,37,421,22,193,13,0,16,18,402,362,63398,12,36,15,17,0,1581,783,5,27,0,159,1163,30,4,0,0,0,1259,0,121,8811,0,0,150,0,0,3,0,587,778,18,4782,245,78
HACKGx342W19,HACKGx342,W19,HACKG,HACK/G,2312,4245,3588,168,33,8,172,1002,8068,37,1021,140,582,22,16,19,32,1131,2958,30400,4,14,40,140,653,3595,1274,19,191,0,1536,887,186,12,0,37,0,936,0,245,1307,0,0,1047,29,0,21,0,435,1498,136,31067,72,892
HACKGx344W19,HACKGx344,W19,WT,WT,4684,1486,13208,1014,0,105,287,22,6444,31,2186,303,2340,260,35,63,53,5167,6412,31191,0,28,57,129,1364,6617,1214,113,420,6,5827,533,328,14,34,0,0,410,0,947,2331,0,0,2361,127,77,63,0,398,2919,1455,289,12,523
HACKGx353W19,HACKGx353,W19,HACKG,HACK/G,1957,2738,92,2,321,0,23,2624,4281,0,107,21,123,25,0,0,12,88,226,45172,5,2,10,0,261,99,13,11,23,0,31,3845,57,0,0,0,0,533,0,225,1950,0,0,26,0,0,4,23,475,123,6,45791,51,96
HACKGx356W19,HACKGx356,W19,HACKG,HACK/G,1162,635,841,20,0,7,48,1105,3852,29,272,83,147,7,0,0,5,184,390,65757,5,10,0,32,406,1070,83,10,196,0,267,460,25,10,0,22,0,446,0,89,6920,0,0,292,6,0,5,0,759,863,159,17804,82,91
HACKGx358W19,HACKGx358,W19,HACKG,HACK/G,12670,9065,626,5,245,0,60,284,2643,58,193,0,875,0,6,0,0,205,524,30352,0,0,25,8,2435,1916,32,7,21,0,483,1163,706,0,0,3,0,21,0,329,21903,400,0,163,0,0,13,0,808,453,438,981,0,627
HACKGx364W19,HACKGx364,W19,WT,WT,11,2478,10927,175,10,16,233,2,7120,111,1097,175,8493,83,46,67,90,6330,2296,235,0,41,25,44,2284,6265,76,9,71,0,1053,1241,3649,10,0,0,0,0,16,628,1077,0,0,2249,1329,30,52,0,0,2081,1425,159,102,171
HACKGx367W19,HACKGx367,W19,HACK,HACK/G,3317,7003,827,2,798,0,310,1561,3341,268,153,19,354,4,0,0,33,771,2148,24798,9,0,65,0,768,5477,28,46,120,0,194,19133,106,3,0,0,0,80,0,0,826,0,0,1322,13,0,18,10,291,916,325,139,0,1273
HACKGx389W19,HACKGx389,W19,WT,WT,32531,424,4705,199,0,3,47,0,1269,30,1841,59,3269,104,39,47,15,2266,1364,20543,0,13,8,34,3799,1970,418,66,206,0,3531,91,5257,0,0,0,0,39,0,896,9432,366,61,1209,43,41,0,0,2000,1603,1361,94,0,860
HACKGx395W19,HACKGx395,W19,WT,WT,10047,1912,8754,978,22,51,167,32,3947,70,2094,255,2050,179,28,50,25,3944,3865,18858,4,40,72,66,507,3049,385,104,544,0,2865,361,385,21,0,0,0,180,0,1161,10015,0,114,1602,113,32,47,0,982,3363,949,49,34,776
HACKGx396W19,HACKGx396,W19,WT,WT,3698,4438,4747,405,29,53,72,3,8348,23,2656,64,4773,53,13,586,33,2681,3798,1133,3,47,41,22,479,5658,241,23,201,6,1738,865,200,10,0,36,0,7,4,2100,2589,0,38,1545,110,12,192,0,13,4257,1797,216,61,31
HACKGx417W19,HACKGx417,W19,HACKG,HACK/G,72,2678,1433,3,2514,0,29,1506,5441,36,186,28,343,19,0,9,11,526,446,48890,0,24,6,13,513,1159,53,4,0,0,43,1222,0,0,0,0,0,801,0,137,2301,0,0,125,10,0,3,0,253,466,130,15869,16,19
HACKGx419W19,HACKGx419,W19,WT,WT,47934,3362,4929,331,232,62,172,0,5302,38,2336,108,12549,72,30,159,19,3151,3650,3481,4,13,44,40,2374,2996,314,61,216,9,1037,708,2060,8,0,10,0,25,4,1549,1056,0,0,1239,94,9,29,0,383,2708,1251,35,29,651
